Categoria,Operazione,Intervallo km,Intervallo mesi,Ultimo km,Ultima data,Prossimo km,Prossima data,Giorni residui,Stato,Note,Fatto
15.000 km,Olio motore + filtro olio,15000,12,,,0,0,,,Sostituzione — VW 507 00 · 5W-30 · ~4,7 L,
15.000 km,Filtro abitacolo,15000,12,,,0,0,,,Sostituzione,
15.000 km,Controllo liquidi,15000,12,,,0,0,,,Refrigerante · freni · lavavetri,
15.000 km,Pneumatici — pressione/usura,15000,12,,,0,0,,,Min 1,6 mm · consigliati 3 mm,
15.000 km,Illuminazione,15000,12,,,0,0,,,Fari · stop · indicatori,
15.000 km,Reset service,15000,12,,,0,0,,,Tasto 0.0/SET,
30.000 km,Filtro aria motore,30000,24,,,0,0,,,Sostituzione,
30.000 km,Liquido freni,30000,24,,,0,0,,,Sostituzione,
30.000 km,Olio cambio manuale,30000,24,,,0,0,,,Se non previsto diversamente,
30.000 km,Batteria — test,30000,24,,,0,0,,,Test capacità e carica,
60.000 km,Filtro carburante,60000,0,,,0,0,,,Sostituzione — protegge iniezione,
60.000 km,Olio cambio DSG,60000,0,,,0,0,,,Se cambio automatico DSG,
60.000 km,Liquido refrigerante,60000,48,,,0,0,,,Sostituzione,
60.000 km,Pulizia valvola EGR,60000,0,,,0,0,,,Preventiva — uso urbano,
90.000 km,Filtro aria motore,90000,0,,,0,0,,,Se non già eseguita,
90.000 km,Filtro carburante,90000,0,,,0,0,,,Se non già eseguita,
120.000 km,Cinghia distribuzione + pompa,120000,120,,,0,0,,,Max 10 anni · sostituire tenditori,
120.000 km,Cinghia servizi,120000,120,,,0,0,,,Insieme a distribuzione,
100.000 km,Candelette,100000,0,,,0,0,,,Durata 80.000–100.000 km,
70.000 km,Pastiglie freni,70000,0,,,0,0,,,Verificare a ogni tagliando,
120.000 km,Dischi freni,120000,0,,,0,0,,,Intervallo indicativo,
Specifico,Turbocompressore — controllo,0,12,,,0,0,,,Modelli pre-2015 · perdite/rumori,
Specifico,Rigenerazione DPF/FAP,0,6,,,0,0,,,Autostrada 20 min a 2000–2500 giri,
Specifico,Iniettori — controllo,0,12,,,0,0,,,Serraggio se rumorosità,
